Datetime,Water Level (m)
2025-03-31 12:00:00,-0.45463023
2025-03-31 13:00:00,-0.2142679
2025-03-31 14:00:00,0.03458928
2025-03-31 15:00:00,0.22800077
2025-03-31 16:00:00,0.31651947
2025-03-31 17:00:00,0.26336962
2025-03-31 18:00:00,0.08323798
2025-03-31 19:00:00,-0.18401244
2025-03-31 20:00:00,-0.45929724
2025-03-31 21:00:00,-0.6844532
2025-03-31 22:00:00,-0.81031877
2025-03-31 23:00:00,-0.80114836
2025-04-01 00:00:00,-0.64597195
2025-04-01 01:00:00,-0.38436893
2025-04-01 02:00:00,-0.08699302
2025-04-01 03:00:00,0.1752497
2025-04-01 04:00:00,0.3451475
2025-04-01 05:00:00,0.38833594
2025-04-01 06:00:00,0.29382628
2025-04-01 07:00:00,0.0875371
2025-04-01 08:00:00,-0.16327144
2025-04-01 09:00:00,-0.39777002
2025-04-01 10:00:00,-0.5673421
2025-04-01 11:00:00,-0.6334022
2025-04-01 12:00:00,-0.5741947
2025-04-01 13:00:00,-0.4023769
2025-04-01 14:00:00,-0.17337136
2025-04-01 15:00:00,0.04302545
2025-04-01 16:00:00,0.18613777
2025-04-01 17:00:00,0.2190957
2025-04-01 18:00:00,0.14058457
2025-04-01 19:00:00,-0.046012502
2025-04-01 20:00:00,-0.29348862
2025-04-01 21:00:00,-0.52526975
2025-04-01 22:00:00,-0.696488
2025-04-01 23:00:00,-0.77504784
2025-04-02 00:00:00,-0.7301046
2025-04-02 01:00:00,-0.5597593
2025-04-02 02:00:00,-0.30544144
2025-04-02 03:00:00,-0.038137544
2025-04-02 04:00:00,0.17716466
2025-04-02 05:00:00,0.30691203
2025-04-02 06:00:00,0.3182396
2025-04-02 07:00:00,0.21404572
2025-04-02 08:00:00,0.022381306
2025-04-02 09:00:00,-0.19854179
2025-04-02 10:00:00,-0.39512244
2025-04-02 11:00:00,-0.5241209
2025-04-02 12:00:00,-0.5636391
2025-04-02 13:00:00,-0.5013382
2025-04-02 14:00:00,-0.3505693
2025-04-02 15:00:00,-0.16732395
2025-04-02 16:00:00,-0.005883215
2025-04-02 17:00:00,0.084176295
2025-04-02 18:00:00,0.09409241
2025-04-02 19:00:00,0.0070656296
2025-04-02 20:00:00,-0.16064039
2025-04-02 21:00:00,-0.36150923
2025-04-02 22:00:00,-0.5443804
2025-04-02 23:00:00,-0.6607244
2025-04-03 00:00:00,-0.7009911
2025-04-03 01:00:00,-0.63388443
2025-04-03 02:00:00,-0.46944773
2025-04-03 03:00:00,-0.25265974
2025-04-03 04:00:00,-0.03766126
2025-04-03 05:00:00,0.13487913
2025-04-03 06:00:00,0.22388627
2025-04-03 07:00:00,0.2238812
2025-04-03 08:00:00,0.1361584
2025-04-03 09:00:00,-0.022562183
2025-04-03 10:00:00,-0.1996157
2025-04-03 11:00:00,-0.35261044
2025-04-03 12:00:00,-0.45212725
2025-04-03 13:00:00,-0.48520812
2025-04-03 14:00:00,-0.44450337
2025-04-03 15:00:00,-0.32602584
2025-04-03 16:00:00,-0.19910902
2025-04-03 17:00:00,-0.09496027
2025-04-03 18:00:00,-0.03779476
2025-04-03 19:00:00,-0.036186807
2025-04-03 20:00:00,-0.10403128
2025-04-03 21:00:00,-0.23262775
2025-04-03 22:00:00,-0.3794314
2025-04-03 23:00:00,-0.50760293
2025-04-04 00:00:00,-0.58734125
2025-04-04 01:00:00,-0.60215193
2025-04-04 02:00:00,-0.5362798
2025-04-04 03:00:00,-0.39897728
2025-04-04 04:00:00,-0.22843508
2025-04-04 05:00:00,-0.05385206
2025-04-04 06:00:00,0.0772932
2025-04-04 07:00:00,0.15213852
2025-04-04 08:00:00,0.16091539
2025-04-04 09:00:00,0.09232162
2025-04-04 10:00:00,-0.03146787
2025-04-04 11:00:00,-0.1677503
2025-04-04 12:00:00,-0.289081
2025-04-04 13:00:00,-0.37813705
2025-04-04 14:00:00,-0.41947952
2025-04-04 15:00:00,-0.3980613
2025-04-04 16:00:00,-0.32489476
2025-04-04 17:00:00,-0.23693855
2025-04-04 18:00:00,-0.15994349
2025-04-04 19:00:00,-0.087681584
2025-04-04 20:00:00,-0.027482891
2025-04-04 21:00:00,-0.005635583
2025-04-04 22:00:00,-0.060474563
2025-04-04 23:00:00,-0.16464001
2025-04-05 00:00:00,-0.24325319
2025-04-05 01:00:00,-0.30426317
2025-04-05 02:00:00,-0.33627152
2025-04-05 03:00:00,-0.29086134
2025-04-05 04:00:00,-0.19396123
2025-04-05 05:00:00,-0.063129134
2025-04-05 06:00:00,0.06468512
2025-04-05 07:00:00,0.17904815
2025-04-05 08:00:00,0.26378754
2025-04-05 09:00:00,0.28756136
2025-04-05 10:00:00,0.24329521
2025-04-05 11:00:00,0.15232863
2025-04-05 12:00:00,0.0366857
2025-04-05 13:00:00,-0.08951515
2025-04-05 14:00:00,-0.17741427
2025-04-05 15:00:00,-0.27894
2025-04-05 16:00:00,-0.29403296
2025-04-05 17:00:00,-0.28204253
2025-04-05 18:00:00,-0.23188421
2025-04-05 19:00:00,-0.17536399
2025-04-05 20:00:00,-0.119520284
2025-04-05 21:00:00,-0.0830151
2025-04-05 22:00:00,-0.08920477
2025-04-05 23:00:00,-0.13280606
2025-04-06 00:00:00,-0.20668313
2025-04-06 01:00:00,-0.27577516
2025-04-06 02:00:00,-0.33200705
2025-04-06 03:00:00,-0.37143335
2025-04-06 04:00:00,-0.36818904
2025-04-06 05:00:00,-0.3014523
2025-04-06 06:00:00,-0.21051078
2025-04-06 07:00:00,-0.10261838
2025-04-06 08:00:00,0.0074598705
2025-04-06 09:00:00,0.10161785
2025-04-06 10:00:00,0.14257564
2025-04-06 11:00:00,0.13043639
2025-04-06 12:00:00,0.06344065
